{"cameraMode":{"drawMode":0,"name":"Shaded","section":"Shading Mode"},"sceneLighting":true,"audioPlay":false,"sceneViewState":{"showFog":false,"showMaterialUpdate":false,"showSkybox":false,"showFlares":false,"showImageEffects":false,"showParticleSystems":false},"in2DMode":false,"pivot":{"x":20.43100929260254,"y":-0.18146759271621705,"z":0.5},"rotation":{"x":-0.02253374084830284,"y":0.3750807046890259,"z":-0.009120315313339234,"w":-0.9266733527183533},"size":16.83248519897461,"orthographic":false}